"Transaction ID",Item,Quantity,"Price Per Unit","Total Spent","Payment Method",Location,"Transaction Date",row_num
TXN_1000555,Tea,1,1.5,1.5,"Credit Card",In-store,2023-10-19,1
TXN_1002457,Cookie,5,1,5.0,"Digital Wallet",Takeaway,2023-09-29,1
TXN_1004184,Smoothie,1,4,4.0,"Credit Card",In-store,2023-05-18,1
TXN_1004563,Tea,5,1.5,7.5,"Credit Card",In-store,2023-10-28,1
TXN_1005331,Coffee,1,2,2.0,"Digital Wallet",Takeaway,2023-11-04,1
TXN_1006942,Salad,1,5,5.0,"Credit Card",In-store,2023-11-30,1
TXN_1007347,Salad,4,5,20.0,"Digital Wallet",In-store,2023-08-28,1
TXN_1009421,Cookie,4,1,4.0,Cash,Takeaway,2023-02-21,1
TXN_1011236,Cake,1,3,3.0,Cash,In-store,2023-02-08,1
TXN_1012349,UNKNOWN,4,3,12.0,Cash,In-store,2023-07-08,1
TXN_1015883,Cookie,4,1,4.0,Cash,In-store,2023-10-16,1
TXN_1020478,Coffee,1,2,2.0,"Digital Wallet",Takeaway,2023-03-09,1
TXN_1022523,Salad,4,5,20.0,Cash,In-store,2023-11-25,1
TXN_1026827,Cookie,4,1,4.0,"Digital Wallet",In-store,2023-01-02,1
TXN_1035504,Smoothie,2,4,8.0,"Digital Wallet",Takeaway,2023-03-30,1
TXN_1040764,Coffee,3,2,6.0,Cash,Takeaway,2023-07-27,1
TXN_1045022,Sandwich,4,4,16.0,"Credit Card",Takeaway,2023-10-13,1
TXN_1046394,Smoothie,1,4,4.0,Cash,In-store,2023-04-29,1
TXN_1047450,Coffee,2,2,4.0,Cash,In-store,2023-11-19,1
TXN_1048284,Salad,2,5,10.0,Cash,In-store,2023-08-19,1
TXN_1050083,Cake,5,3,15.0,"Credit Card",Takeaway,2023-06-28,1
TXN_1057209,UNKNOWN,5,1,5.0,"Credit Card",In-store,2023-09-17,1
TXN_1057760,Juice,4,3,12.0,"Credit Card",Takeaway,2023-02-20,1
TXN_1058466,Cookie,3,1,3.0,"Digital Wallet",Takeaway,2023-12-07,1
TXN_1058957,Juice,2,3,6.0,Cash,In-store,2023-03-21,1
TXN_1064565,Juice,4,3,12.0,"Digital Wallet",In-store,2023-03-14,1
TXN_1065721,Sandwich,4,4,16.0,Cash,Takeaway,2023-12-06,1
TXN_1068317,Juice,3,3,ERROR,"Digital Wallet",Takeaway,2023-03-16,1
TXN_1072232,Sandwich,1,4,4.0,"Digital Wallet",In-store,2023-01-07,1
TXN_1075969,Cookie,2,1,2.0,"Digital Wallet",ERROR,2023-08-13,1
TXN_1079241,Juice,3,3,9.0,"Digital Wallet",Takeaway,2023-07-16,1
TXN_1080432,Salad,2,5,10.0,"Credit Card",In-store,2023-04-29,1
TXN_1082421,Salad,1,5,5.0,"Digital Wallet",In-store,2023-12-19,1
TXN_1084010,Smoothie,2,4,8.0,"Credit Card",In-store,2023-08-11,1
TXN_1084222,Coffee,4,2,8.0,"Digital Wallet",In-store,2023-06-03,1
TXN_1088497,Sandwich,1,4,4.0,"Digital Wallet",Takeaway,2023-07-05,1
TXN_1091115,Sandwich,5,4,20.0,Cash,Takeaway,2023-11-04,1
TXN_1093668,Coffee,2,2,4.0,"Digital Wallet",ERROR,2023-05-18,1
TXN_1097334,Coffee,2,2,4.0,"Credit Card",Takeaway,2023-03-21,1
TXN_1104849,UNKNOWN,4,4,16.0,"Digital Wallet",Takeaway,2023-07-05,1
TXN_1105589,Coffee,5,2,10.0,Cash,Takeaway,2023-07-04,1
TXN_1108663,Juice,3,3,9.0,Cash,Takeaway,2023-08-16,1
TXN_1116119,Smoothie,4,4,16.0,"Digital Wallet",In-store,2023-08-07,1
TXN_1118799,ERROR,4,4,,"Credit Card",Takeaway,2023-09-19,1
TXN_1121833,Coffee,4,2,8.0,"Credit Card",In-store,2023-03-16,1
TXN_1122699,UNKNOWN,5,5,25.0,"Digital Wallet",In-store,2023-10-14,1
TXN_1122700,Salad,5,5,ERROR,"Digital Wallet",In-store,2023-11-09,1
TXN_1123138,Salad,1,5,5.0,Cash,In-store,2023-02-10,1
TXN_1124753,Salad,4,5,20.0,"Digital Wallet",In-store,2023-10-19,1
TXN_1128577,Sandwich,1,4,4.0,"Digital Wallet",In-store,2023-11-23,1
TXN_1130142,Cookie,1,1,1.0,"Credit Card",In-store,2023-03-13,1
TXN_1130191,Smoothie,2,4,8.0,Cash,In-store,2023-04-06,1
TXN_1133945,Smoothie,2,4,8.0,"Digital Wallet",In-store,2023-10-23,1
TXN_1142233,Tea,5,1.5,7.5,"Digital Wallet",Takeaway,2023-09-01,1
TXN_1145592,Juice,1,3,3.0,"Credit Card",Takeaway,2023-09-11,1
TXN_1148874,Cookie,1,1,1.0,"Credit Card",In-store,2023-09-18,1
TXN_1150033,Juice,5,3,15.0,Cash,In-store,2023-04-18,1
TXN_1151605,Coffee,1,2,2.0,"Digital Wallet",Takeaway,2023-05-02,1
TXN_1153869,Smoothie,5,4,20.0,"Credit Card",Takeaway,2023-11-03,1
TXN_1154979,Coffee,3,2,6.0,"Credit Card",In-store,2023-12-11,1
TXN_1157817,Smoothie,1,4,4.0,"Digital Wallet",In-store,2023-04-25,1
TXN_1161606,Sandwich,5,4,20.0,"Credit Card",Takeaway,2023-09-20,1
TXN_1165779,Cookie,4,1,4.0,"Digital Wallet",Takeaway,2023-06-30,1
TXN_1169615,Smoothie,5,4,20.0,"Digital Wallet",In-store,2023-03-16,1
TXN_1170198,Tea,4,1.5,6.0,"Credit Card",In-store,2023-02-09,1
TXN_1172121,Coffee,5,2,10.0,Cash,Takeaway,2023-08-26,1
TXN_1173155,Coffee,1,2,2.0,Cash,In-store,2023-03-14,1
TXN_1180397,Smoothie,3,4,12.0,"Credit Card",Takeaway,2023-04-05,1
TXN_1180969,Cookie,1,1,ERROR,"Digital Wallet",In-store,2023-01-06,1
TXN_1183995,Salad,5,5,25.0,"Digital Wallet",Takeaway,2023-03-28,1
TXN_1185003,ERROR,5,3,15.0,Cash,Takeaway,2023-01-06,1
TXN_1186221,Salad,4,5,20.0,Cash,Takeaway,2023-04-21,1
TXN_1190402,Cake,1,3,3.0,"Credit Card",Takeaway,2023-12-01,1
TXN_1191659,Coffee,4,2,ERROR,"Credit Card",In-store,2023-11-21,1
TXN_1192970,Coffee,2,2,4.0,"Digital Wallet",Takeaway,2023-06-17,1
TXN_1193221,Tea,3,1.5,4.5,"Credit Card",In-store,2023-10-21,1
TXN_1196223,Juice,3,3,9.0,"Digital Wallet",In-store,2023-10-14,1
TXN_1196324,Tea,4,1.5,6.0,"Credit Card",In-store,2023-09-26,1
TXN_1203191,Coffee,5,2,10.0,ERROR,In-store,2023-10-12,1
TXN_1208926,Cookie,4,1,4.0,"Credit Card",In-store,2023-12-07,1
TXN_1209852,Cookie,2,1,2.0,"Credit Card",In-store,2023-11-18,1
TXN_1210183,Tea,3,1.5,4.5,ERROR,In-store,2023-01-23,1
TXN_1213938,Salad,5,5,25.0,"Digital Wallet",Takeaway,2023-07-06,1
TXN_1216051,Cake,4,3,12.0,"Digital Wallet",Takeaway,2023-10-28,1
TXN_1217959,Juice,2,3,6.0,"Digital Wallet",Takeaway,2023-07-28,1
TXN_1220061,Sandwich,3,4,12.0,"Digital Wallet",In-store,2023-09-03,1
TXN_1221777,Coffee,3,2,6.0,ERROR,In-store,2023-01-29,1
TXN_1224087,Coffee,5,2,10.0,"Digital Wallet",Takeaway,2023-03-20,1
TXN_1225638,Cake,4,3,12.0,Cash,Takeaway,2023-05-28,1
TXN_1227800,Juice,3,3,9.0,Cash,Takeaway,2023-02-19,1
TXN_1228888,Cookie,1,1,1.0,"Credit Card",In-store,2023-10-05,1
TXN_1229376,Cake,3,3,9.0,"Digital Wallet",In-store,2023-08-14,1
TXN_1231366,Sandwich,3,4,12.0,"Digital Wallet",Takeaway,2023-11-28,1
TXN_1231531,Coffee,5,2,10.0,"Digital Wallet",In-store,2023-07-24,1
TXN_1232346,Salad,5,5,25.0,"Digital Wallet",In-store,2023-01-04,1
TXN_1234390,Cake,2,3,6.0,"Digital Wallet",Takeaway,2023-06-02,1
TXN_1234907,Juice,1,3,3.0,"Credit Card",In-store,2023-05-02,1
TXN_1235828,Tea,4,1.5,6.0,Cash,Takeaway,2023-02-19,1
TXN_1236759,Coffee,1,2,2.0,"Credit Card",In-store,2023-01-26,1
TXN_1240476,Juice,2,3,6.0,"Digital Wallet",Takeaway,2023-04-20,1
TXN_1244299,Sandwich,2,4,8.0,Cash,Takeaway,2023-07-18,1
TXN_1244509,Smoothie,3,4,12.0,"Credit Card",In-store,2023-02-21,1
TXN_1244739,Salad,2,5,10.0,"Credit Card",Takeaway,2023-09-13,1
TXN_1247244,Sandwich,1,4,4.0,"Digital Wallet",In-store,2023-12-27,1
TXN_1248266,Salad,3,5,15.0,"Credit Card",In-store,2023-10-14,1
TXN_1248436,Cake,4,3,12.0,"Credit Card",Takeaway,2023-08-14,1
TXN_1250407,Cookie,1,1,1.0,"Credit Card",Takeaway,2023-11-21,1
TXN_1252575,Tea,1,1.5,1.5,"Digital Wallet",Takeaway,2023-10-16,1
TXN_1256513,Coffee,4,2,8.0,"Credit Card",In-store,2023-02-21,1
TXN_1256536,Salad,1,5,5.0,ERROR,Takeaway,2023-12-16,1
TXN_1260517,Smoothie,5,4,20.0,"Digital Wallet",Takeaway,2023-04-17,1
TXN_1261028,Juice,3,3,9.0,ERROR,In-store,2023-10-27,1
TXN_1268480,Salad,5,5,25.0,Cash,In-store,2023-04-18,1
TXN_1269252,Cake,1,3,3.0,"Digital Wallet",Takeaway,2023-07-18,1
TXN_1270603,Juice,4,3,12.0,"Credit Card",Takeaway,2023-12-03,1
TXN_1272118,Cookie,4,1,4.0,"Credit Card",Takeaway,2023-04-21,1
TXN_1278539,Tea,1,1.5,1.5,"Credit Card",Takeaway,2023-04-04,1
TXN_1281536,Smoothie,5,4,20.0,"Digital Wallet",In-store,2023-03-19,1
TXN_1283149,Salad,2,5,10.0,"Credit Card",In-store,2023-01-23,1
TXN_1285279,Coffee,2,2,4.0,Cash,Takeaway,2023-04-09,1
TXN_1292430,Smoothie,1,4,4.0,"Credit Card",Takeaway,2023-03-09,1
TXN_1292476,Juice,4,3,12.0,"Digital Wallet",Takeaway,2023-09-07,1
TXN_1294101,Tea,5,1.5,7.5,"Digital Wallet",Takeaway,2023-03-31,1
TXN_1298084,UNKNOWN,2,1.5,3.0,"Credit Card",Takeaway,2023-01-02,1
TXN_1307239,Coffee,1,2,2.0,"Digital Wallet",Takeaway,2023-10-26,1
TXN_1309055,UNKNOWN,2,2,4.0,"Credit Card",Takeaway,2023-11-09,1
TXN_1315214,Tea,2,1.5,3.0,"Digital Wallet",In-store,2023-11-03,1
TXN_1315847,Cake,1,3,3.0,"Digital Wallet",In-store,2023-06-19,1
TXN_1316036,ERROR,2,3,6.0,Cash,Takeaway,2023-10-27,1
TXN_1317114,Cookie,2,1,2.0,"Digital Wallet",Takeaway,2023-11-06,1
TXN_1318238,Sandwich,1,4,UNKNOWN,"Digital Wallet",Takeaway,2023-09-23,1
TXN_1318943,UNKNOWN,2,2,UNKNOWN,Cash,In-store,2023-06-13,1
TXN_1322421,Juice,4,3,12.0,"Credit Card",Takeaway,2023-03-05,1
TXN_1324760,Tea,4,1.5,6.0,Cash,In-store,2023-01-18,1
TXN_1324930,Sandwich,5,4,UNKNOWN,"Credit Card",Takeaway,2023-01-11,1
TXN_1324968,Cookie,3,1,3.0,"Credit Card",In-store,2023-01-05,1
TXN_1334406,Juice,1,3,3.0,"Digital Wallet",In-store,2023-09-26,1
TXN_1335337,Tea,3,1.5,4.5,"Credit Card",In-store,2023-09-06,1
TXN_1336900,Coffee,5,2,10.0,"Credit Card",ERROR,2023-01-16,1
TXN_1339457,ERROR,3,4,ERROR,"Digital Wallet",In-store,2023-05-23,1
TXN_1340358,Sandwich,3,4,12.0,Cash,Takeaway,2023-06-09,1
TXN_1342359,Cake,4,3,12.0,Cash,Takeaway,2023-07-14,1
TXN_1343750,Cookie,2,1,2.0,"Digital Wallet",Takeaway,2023-02-15,1
TXN_1346517,Coffee,1,2,2.0,"Digital Wallet",Takeaway,2023-03-20,1
TXN_1349640,Juice,2,3,6.0,"Credit Card",In-store,2023-06-17,1
TXN_1349738,Sandwich,3,4,ERROR,Cash,ERROR,2023-03-26,1
TXN_1353266,Smoothie,1,4,4.0,"Digital Wallet",Takeaway,2023-08-30,1
TXN_1354464,Cake,5,3,15.0,"Digital Wallet",In-store,2023-03-18,1
TXN_1356599,Cookie,2,1,2.0,Cash,Takeaway,2023-12-14,1
TXN_1360998,Cookie,2,1,2.0,Cash,Takeaway,2023-07-30,1
TXN_1364211,Salad,2,5,10.0,ERROR,In-store,2023-03-08,1
TXN_1367003,Salad,5,5,25.0,Cash,In-store,2023-11-10,1
TXN_1367723,Coffee,3,2,,Cash,In-store,2023-10-25,1
TXN_1368769,Cookie,3,1,3.0,"Credit Card",Takeaway,2023-06-02,1
TXN_1372003,Tea,4,1.5,6.0,"Digital Wallet",Takeaway,2023-10-13,1
TXN_1372492,Salad,4,5,20.0,Cash,Takeaway,2023-03-28,1
TXN_1375992,Coffee,5,2,10.0,"Credit Card",In-store,2023-03-23,1
TXN_1380601,Tea,4,1.5,6.0,"Digital Wallet",In-store,2023-03-11,1
TXN_1387401,Cookie,4,1,4.0,Cash,In-store,2023-10-19,1
TXN_1388606,Cake,3,3,9.0,"Digital Wallet",Takeaway,2023-08-31,1
TXN_1389258,Salad,1,5,5.0,Cash,Takeaway,2023-12-31,1
TXN_1395083,Juice,1,3,3.0,Cash,In-store,2023-07-08,1
TXN_1396019,Coffee,4,2,8.0,Cash,In-store,2023-12-03,1
TXN_1398769,Smoothie,1,4,4.0,Cash,In-store,2023-06-02,1
TXN_1399696,Cake,5,3,15.0,Cash,In-store,2023-04-08,1
TXN_1402641,Tea,3,1.5,ERROR,"Credit Card",Takeaway,2023-09-12,1
TXN_1408709,Smoothie,5,4,20.0,Cash,Takeaway,2023-04-14,1
TXN_1410102,Salad,1,5,5.0,Cash,In-store,2023-06-23,1
TXN_1411473,Coffee,3,2,6.0,"Credit Card",In-store,2023-01-04,1
TXN_1411744,Smoothie,4,4,16.0,"Credit Card",Takeaway,2023-09-17,1
TXN_1412415,Juice,3,3,9.0,Cash,In-store,2023-02-24,1
TXN_1413335,Salad,1,5,5.0,"Digital Wallet",Takeaway,2023-05-17,1
TXN_1417291,Juice,4,3,12.0,"Digital Wallet",In-store,2023-05-11,1
TXN_1417400,Cookie,2,1,2.0,Cash,In-store,2023-03-20,1
TXN_1417871,Salad,3,5,15.0,Cash,Takeaway,2023-03-12,1
TXN_1419669,Cake,5,3,15.0,Cash,Takeaway,2023-03-07,1
TXN_1425215,Juice,1,3,3.0,Cash,Takeaway,2023-03-13,1
TXN_1429325,Smoothie,2,4,8.0,Cash,ERROR,2023-04-20,1
TXN_1429858,Cookie,4,1,4.0,"Credit Card",ERROR,2023-03-15,1
TXN_1434598,Sandwich,5,4,20.0,Cash,Takeaway,2023-11-18,1
TXN_1434857,Cake,5,3,15.0,ERROR,In-store,2023-01-13,1
TXN_1436343,Cookie,1,1,1.0,"Credit Card",In-store,2023-11-26,1
TXN_1436851,Sandwich,5,4,20.0,Cash,Takeaway,2023-07-28,1
TXN_1437083,Smoothie,2,4,8.0,"Credit Card",In-store,2023-03-15,1
TXN_1438257,Salad,4,5,20.0,"Credit Card",Takeaway,2023-06-13,1
TXN_1442096,Cookie,3,1,3.0,"Credit Card",In-store,2023-06-27,1
TXN_1443201,Cookie,5,1,5.0,"Credit Card",In-store,2023-10-03,1
TXN_1443928,Cake,4,3,12.0,Cash,Takeaway,2023-12-03,1
TXN_1444932,Smoothie,1,4,4.0,Cash,In-store,2023-05-24,1
TXN_1445532,Coffee,3,2,6.0,Cash,Takeaway,2023-03-03,1
TXN_1448501,Cake,4,3,12.0,"Credit Card",Takeaway,2023-09-10,1
TXN_1454467,Juice,3,3,9.0,Cash,In-store,2023-03-15,1
TXN_1458905,Sandwich,1,4,4.0,"Digital Wallet",Takeaway,2023-02-19,1
TXN_1460963,Coffee,3,2,6.0,Cash,In-store,2023-02-10,1
TXN_1461221,Salad,2,5,10.0,Cash,In-store,2023-04-30,1
TXN_1464150,Coffee,5,2,10.0,Cash,Takeaway,2023-02-14,1
TXN_1465584,Sandwich,1,4,4.0,"Credit Card",In-store,2023-04-29,1
TXN_1469462,Cake,1,3,3.0,"Credit Card",Takeaway,2023-09-05,1
TXN_1472433,ERROR,1,2,2.0,"Digital Wallet",Takeaway,2023-04-05,1
TXN_1474329,Smoothie,2,4,8.0,"Digital Wallet",Takeaway,2023-03-02,1
TXN_1476066,Smoothie,2,4,8.0,ERROR,Takeaway,2023-10-19,1
TXN_1477525,Salad,3,5,15.0,Cash,Takeaway,2023-11-06,1
TXN_1481116,Tea,2,1.5,3.0,"Digital Wallet",In-store,2023-02-26,1
TXN_1482123,Coffee,1,2,2.0,Cash,In-store,2023-06-17,1
TXN_1488481,Coffee,4,2,8.0,"Credit Card",Takeaway,2023-07-28,1
TXN_1489194,Coffee,3,2,6.0,"Digital Wallet",Takeaway,2023-07-18,1
TXN_1489746,Cookie,3,1,3.0,"Digital Wallet",In-store,2023-12-18,1
TXN_1491299,Juice,2,3,6.0,"Credit Card",In-store,2023-02-27,1
TXN_1491670,Juice,5,3,15.0,"Credit Card",Takeaway,2023-06-28,1
TXN_1494608,Tea,3,1.5,4.5,"Credit Card",In-store,2023-05-07,1
TXN_1495371,Sandwich,2,4,ERROR,"Credit Card",Takeaway,2023-07-21,1
TXN_1498343,Salad,2,5,10.0,"Credit Card",Takeaway,2023-03-31,1
TXN_1503903,Tea,1,1.5,1.5,Cash,Takeaway,2023-03-20,1
TXN_1505837,Sandwich,3,4,12.0,"Credit Card",In-store,2023-12-15,1
TXN_1505875,Smoothie,4,4,16.0,Cash,Takeaway,2023-05-17,1
TXN_1512118,Salad,4,5,20.0,Cash,In-store,2023-03-01,1
TXN_1512159,Cake,2,3,6.0,"Credit Card",In-store,2023-11-25,1
TXN_1512185,Coffee,4,2,8.0,Cash,Takeaway,2023-06-16,1
TXN_1514364,Coffee,5,2,10.0,"Digital Wallet",In-store,2023-01-21,1
TXN_1516961,Sandwich,3,4,12.0,"Credit Card",Takeaway,2023-11-01,1
TXN_1521861,ERROR,5,3,15.0,Cash,In-store,2023-04-02,1
TXN_1522122,Cookie,5,1,5.0,"Credit Card",In-store,2023-02-14,1
TXN_1523567,Salad,3,5,UNKNOWN,"Digital Wallet",Takeaway,2023-11-22,1
TXN_1524602,UNKNOWN,3,2,6.0,Cash,Takeaway,2023-05-11,1
TXN_1526864,Smoothie,3,4,12.0,"Digital Wallet",In-store,2023-01-27,1
TXN_1529845,Juice,3,3,9.0,"Credit Card",In-store,2023-01-25,1
TXN_1532390,Tea,5,1.5,7.5,"Digital Wallet",ERROR,2023-04-08,1
TXN_1533652,Tea,3,1.5,4.5,Cash,In-store,2023-08-17,1
TXN_1534763,Cookie,2,1,2.0,Cash,Takeaway,2023-09-17,1
TXN_1542042,Cake,4,3,12.0,"Credit Card",Takeaway,2023-07-26,1
TXN_1547704,Coffee,5,2,10.0,Cash,In-store,2023-02-14,1
TXN_1556046,Sandwich,4,4,16.0,"Credit Card",Takeaway,2023-04-09,1
TXN_1556652,Cake,5,3,15.0,"Digital Wallet",ERROR,2023-04-06,1
TXN_1556708,Smoothie,1,4,4.0,"Digital Wallet",Takeaway,2023-06-11,1
TXN_1564506,Smoothie,5,4,20.0,"Digital Wallet",In-store,2023-02-01,1
TXN_1564754,Salad,3,5,15.0,"Digital Wallet",In-store,2023-03-14,1
TXN_1566564,Cookie,3,1,3.0,"Credit Card",Takeaway,2023-09-08,1
TXN_1569729,Smoothie,5,4,20.0,Cash,Takeaway,2023-07-16,1
TXN_1570573,Sandwich,3,4,12.0,"Digital Wallet",Takeaway,2023-04-09,1
TXN_1571824,Cookie,4,1,4.0,Cash,Takeaway,2023-10-16,1
TXN_1571874,Cake,1,3,3.0,"Digital Wallet",ERROR,2023-07-10,1
TXN_1576076,Coffee,3,2,6.0,Cash,Takeaway,2023-10-07,1
TXN_1577802,Juice,2,3,6.0,"Credit Card",In-store,2023-11-29,1
TXN_1578981,Cake,1,3,3.0,Cash,In-store,2023-05-15,1
TXN_1579182,Juice,5,3,15.0,Cash,In-store,2023-02-20,1
TXN_1581562,Coffee,2,2,4.0,Cash,In-store,2023-01-01,1
TXN_1583597,Salad,1,5,5.0,Cash,In-store,2023-05-10,1
TXN_1585827,Cake,3,3,9.0,"Credit Card",In-store,2023-09-30,1
TXN_1586452,Salad,2,5,ERROR,Cash,In-store,2023-02-01,1
TXN_1588687,Coffee,2,2,4.0,"Digital Wallet",Takeaway,2023-08-22,1
TXN_1591640,Cake,2,3,6.0,Cash,In-store,2023-05-26,1
TXN_1599516,Juice,3,3,9.0,Cash,In-store,2023-05-11,1
TXN_1602435,Smoothie,1,4,4.0,Cash,ERROR,2023-12-01,1
TXN_1602799,Cake,4,3,12.0,"Digital Wallet",Takeaway,2023-03-23,1
TXN_1603051,ERROR,4,1,4.0,"Credit Card",Takeaway,2023-03-21,1
TXN_1603186,Cake,3,3,,Cash,Takeaway,2023-10-13,1
TXN_1605048,Cake,4,3,12.0,Cash,Takeaway,2023-03-16,1
TXN_1606273,Coffee,1,2,2.0,"Digital Wallet",Takeaway,2023-11-02,1
TXN_1607471,Sandwich,2,4,8.0,"Credit Card",Takeaway,2023-01-03,1
TXN_1610137,Coffee,3,2,6.0,Cash,Takeaway,2023-04-02,1
TXN_1617029,UNKNOWN,4,5,20.0,Cash,Takeaway,2023-05-15,1
TXN_1617476,Cake,2,3,6.0,"Digital Wallet",In-store,2023-02-10,1
TXN_1622123,Cookie,2,1,2.0,Cash,Takeaway,2023-01-05,1
TXN_1625754,Cake,5,3,15.0,"Digital Wallet",In-store,2023-08-03,1
TXN_1630051,Smoothie,5,4,20.0,"Digital Wallet",Takeaway,2023-03-17,1
TXN_1632205,Cookie,4,1,4.0,ERROR,In-store,2023-02-04,1
TXN_1633563,ERROR,4,4,16.0,"Digital Wallet",In-store,2023-02-05,1
TXN_1633607,Juice,1,3,3.0,Cash,Takeaway,2023-03-13,1
TXN_1637334,ERROR,2,1.5,3.0,"Credit Card",In-store,2023-08-09,1
TXN_1643870,Salad,4,5,20.0,"Digital Wallet",Takeaway,2023-10-07,1
TXN_1645743,Cookie,4,1,4.0,"Digital Wallet",Takeaway,2023-07-02,1
TXN_1647069,Sandwich,1,4,4.0,"Credit Card",Takeaway,2023-04-06,1
TXN_1648671,Sandwich,3,4,12.0,Cash,Takeaway,2023-05-21,1
TXN_1655100,Cake,4,3,12.0,"Credit Card",Takeaway,2023-12-20,1
TXN_1660104,Smoothie,2,4,8.0,"Credit Card",Takeaway,2023-02-04,1
TXN_1660757,Cake,4,3,12.0,"Digital Wallet",Takeaway,2023-11-08,1
TXN_1661068,Salad,3,5,15.0,Cash,Takeaway,2023-04-09,1
TXN_1663113,Smoothie,4,4,16.0,"Credit Card",Takeaway,2023-12-24,1
TXN_1663257,Juice,3,3,9.0,"Credit Card",ERROR,2023-04-23,1
TXN_1664665,ERROR,3,3,9.0,"Credit Card",In-store,2023-05-21,1
TXN_1665810,Sandwich,5,4,20.0,"Digital Wallet",In-store,2023-02-26,1
TXN_1670597,Coffee,2,2,4.0,Cash,Takeaway,2023-05-21,1
TXN_1672443,Coffee,1,2,2.0,"Credit Card",Takeaway,2023-10-03,1
TXN_1678985,Juice,2,3,6.0,Cash,In-store,2023-07-16,1
TXN_1679800,Smoothie,4,4,16.0,Cash,In-store,2023-10-17,1
TXN_1681153,Juice,3,3,9.0,Cash,Takeaway,2023-02-09,1
TXN_1686323,Smoothie,4,4,16.0,"Digital Wallet",In-store,2023-11-30,1
TXN_1689024,Coffee,5,2,ERROR,"Credit Card",In-store,2023-04-17,1
TXN_1691313,Sandwich,2,4,8.0,"Digital Wallet",Takeaway,2023-03-17,1
TXN_1696300,Cookie,1,1,1.0,"Digital Wallet",In-store,2023-05-28,1
TXN_1696813,Cookie,3,1,3.0,Cash,In-store,2023-04-02,1
TXN_1697018,Juice,4,3,12.0,"Digital Wallet",In-store,2023-07-02,1
TXN_1697299,Smoothie,3,4,12.0,Cash,In-store,2023-10-08,1
TXN_1698600,Salad,4,5,20.0,Cash,Takeaway,2023-07-31,1
TXN_1700027,Smoothie,4,4,16.0,"Digital Wallet",In-store,2023-06-04,1
TXN_1701500,Smoothie,1,4,4.0,ERROR,Takeaway,2023-01-05,1
TXN_1701798,Coffee,2,2,4.0,Cash,Takeaway,2023-07-24,1
TXN_1702437,Smoothie,4,4,16.0,"Credit Card",Takeaway,2023-06-27,1
TXN_1706201,Coffee,3,2,6.0,"Credit Card",In-store,2023-08-23,1
TXN_1707251,Sandwich,2,4,8.0,"Digital Wallet",Takeaway,2023-10-06,1
TXN_1707537,Cake,3,3,ERROR,"Digital Wallet",Takeaway,2023-10-17,1
TXN_1710476,Juice,4,3,12.0,"Digital Wallet",Takeaway,2023-05-22,1
TXN_1713983,Salad,2,5,10.0,Cash,In-store,2023-05-11,1
TXN_1714348,Sandwich,2,4,8.0,Cash,Takeaway,2023-12-31,1
TXN_1714471,Juice,4,3,12.0,Cash,Takeaway,2023-08-17,1
TXN_1715317,UNKNOWN,5,3,15.0,"Digital Wallet",In-store,2023-02-10,1
TXN_1719440,Cookie,5,1,5.0,"Digital Wallet",Takeaway,2023-07-13,1
TXN_1720238,Salad,5,5,25.0,ERROR,Takeaway,2023-05-08,1
TXN_1721342,Smoothie,5,4,20.0,"Digital Wallet",In-store,2023-08-23,1
TXN_1721366,Smoothie,5,4,20.0,"Digital Wallet",In-store,2023-04-09,1
TXN_1721827,Cake,4,3,12.0,"Digital Wallet",ERROR,2023-08-22,1
TXN_1723062,Salad,1,5,5.0,ERROR,In-store,2023-09-21,1
TXN_1724233,Cookie,5,1,5.0,"Digital Wallet",Takeaway,2023-02-01,1
TXN_1728644,Coffee,1,2,2.0,Cash,Takeaway,2023-04-07,1
TXN_1730647,Juice,5,3,15.0,"Digital Wallet",In-store,2023-01-18,1
TXN_1730850,Juice,2,3,6.0,Cash,Takeaway,2023-12-15,1
TXN_1731476,Sandwich,1,4,4.0,"Digital Wallet",Takeaway,2023-04-19,1
TXN_1732216,Coffee,3,2,6.0,"Digital Wallet",Takeaway,2023-08-30,1
TXN_1733916,Sandwich,4,4,16.0,"Digital Wallet",In-store,2023-01-12,1
TXN_1738607,Juice,2,3,6.0,"Credit Card",In-store,2023-01-17,1
TXN_1740742,Tea,4,1.5,6.0,"Digital Wallet",In-store,2023-10-06,1
TXN_1741325,Tea,2,1.5,3.0,"Credit Card",In-store,2023-03-31,1
TXN_1749105,Sandwich,5,4,20.0,Cash,In-store,2023-10-17,1
TXN_1755817,Salad,5,5,25.0,"Digital Wallet",Takeaway,2023-07-17,1
TXN_1757340,Cake,2,3,6.0,"Credit Card",In-store,2023-12-29,1
TXN_1758689,Smoothie,3,4,12.0,Cash,ERROR,2023-02-17,1
TXN_1759063,Cookie,2,1,2.0,"Digital Wallet",Takeaway,2023-09-09,1
TXN_1760092,Coffee,1,2,2.0,"Credit Card",Takeaway,2023-04-15,1
TXN_1765281,Smoothie,3,4,12.0,"Credit Card",In-store,2023-01-28,1
TXN_1767872,Salad,2,5,10.0,"Credit Card",In-store,2023-01-05,1
TXN_1769466,UNKNOWN,5,2,10.0,"Digital Wallet",Takeaway,2023-08-01,1
TXN_1773873,Salad,5,5,25.0,"Credit Card",Takeaway,2023-06-10,1
TXN_1775278,Juice,4,3,12.0,"Credit Card",Takeaway,2023-02-22,1
TXN_1778707,Salad,5,5,25.0,"Credit Card",Takeaway,2023-03-26,1
TXN_1781777,Salad,3,5,15.0,"Credit Card",Takeaway,2023-10-26,1
TXN_1792405,Tea,3,1.5,4.5,"Digital Wallet",Takeaway,2023-07-06,1
TXN_1792573,Smoothie,5,4,20.0,Cash,Takeaway,2023-12-07,1
TXN_1797690,Cake,5,3,15.0,"Credit Card",Takeaway,2023-08-10,1
TXN_1803599,UNKNOWN,1,4,4.0,"Digital Wallet",Takeaway,2023-08-30,1
TXN_1811216,Sandwich,1,4,4.0,"Digital Wallet",Takeaway,2023-01-18,1
TXN_1815061,Cake,3,3,9.0,"Digital Wallet",In-store,2023-01-20,1
TXN_1817076,ERROR,3,3,UNKNOWN,Cash,In-store,2023-05-31,1
TXN_1817275,Salad,2,5,10.0,Cash,In-store,2023-09-02,1
TXN_1823906,Salad,3,5,15.0,"Digital Wallet",In-store,2023-06-26,1
TXN_1824506,Cake,1,3,3.0,Cash,In-store,2023-03-02,1
TXN_1826919,Juice,4,3,12.0,"Credit Card",In-store,2023-02-21,1
TXN_1828494,Juice,2,3,6.0,"Digital Wallet",Takeaway,2023-07-21,1
TXN_1830432,Cookie,3,1,3.0,"Digital Wallet",Takeaway,2023-11-02,1
TXN_1834831,ERROR,5,5,25.0,"Digital Wallet",In-store,2023-02-16,1
TXN_1836754,Tea,1,1.5,1.5,"Credit Card",In-store,2023-09-10,1
TXN_1837764,Tea,3,1.5,4.5,Cash,In-store,2023-07-30,1
TXN_1837817,Tea,2,1.5,3.0,Cash,ERROR,2023-08-13,1
TXN_1841204,Salad,3,5,15.0,"Digital Wallet",In-store,2023-04-18,1
TXN_1842675,ERROR,4,1,4.0,"Credit Card",Takeaway,2023-06-23,1
TXN_1846004,Juice,3,3,9.0,Cash,In-store,2023-05-21,1
TXN_1849406,Sandwich,5,4,ERROR,Cash,In-store,2023-11-30,1
TXN_1850339,Cookie,5,1,5.0,Cash,Takeaway,2023-01-17,1
TXN_1851725,Cake,5,3,15.0,Cash,Takeaway,2023-02-19,1
TXN_1853983,Tea,1,1.5,1.5,Cash,In-store,2023-12-04,1
TXN_1854102,Coffee,2,2,4.0,"Digital Wallet",Takeaway,2023-07-18,1
TXN_1857902,Sandwich,5,4,20.0,ERROR,Takeaway,2023-04-26,1
TXN_1861717,Tea,2,1.5,3.0,Cash,In-store,2023-11-10,1
TXN_1865302,Cookie,5,1,5.0,"Credit Card",In-store,2023-08-16,1
TXN_1865735,Smoothie,2,4,8.0,"Digital Wallet",In-store,2023-09-22,1
TXN_1866028,Tea,5,1.5,7.5,"Credit Card",Takeaway,2023-06-12,1
TXN_1867158,Cookie,4,1,4.0,"Digital Wallet",Takeaway,2023-05-16,1
TXN_1868447,Tea,3,1.5,4.5,Cash,ERROR,2023-09-30,1
TXN_1869814,Tea,1,1.5,1.5,"Digital Wallet",Takeaway,2023-05-24,1
TXN_1870303,Coffee,4,2,8.0,"Digital Wallet",In-store,2023-05-05,1
TXN_1870423,Salad,2,5,10.0,"Credit Card",Takeaway,2023-04-12,1
TXN_1872692,Salad,5,5,25.0,Cash,In-store,2023-08-09,1
TXN_1875220,Tea,3,1.5,4.5,Cash,In-store,2023-03-07,1
TXN_1882700,Tea,3,1.5,4.5,"Digital Wallet",In-store,2023-04-18,1
TXN_1883231,Juice,5,3,15.0,ERROR,In-store,2023-10-21,1
TXN_1884923,Coffee,4,2,8.0,"Digital Wallet",Takeaway,2023-05-11,1
TXN_1887522,Sandwich,4,4,16.0,Cash,In-store,2023-02-20,1
TXN_1887555,Juice,2,3,6.0,Cash,In-store,2023-01-08,1
TXN_1891141,Juice,4,3,12.0,"Digital Wallet",In-store,2023-10-25,1
TXN_1891978,Salad,4,5,20.0,"Digital Wallet",In-store,2023-09-13,1
TXN_1893222,Smoothie,5,4,20.0,"Credit Card",In-store,2023-12-20,1
TXN_1894142,Sandwich,4,4,16.0,Cash,In-store,2023-09-13,1
TXN_1898102,Cake,4,3,12.0,"Credit Card",Takeaway,2023-10-17,1
TXN_1898329,Cake,5,3,15.0,Cash,In-store,2023-04-12,1
TXN_1899114,Tea,3,1.5,4.5,"Digital Wallet",Takeaway,2023-04-05,1
TXN_1899827,Coffee,5,2,10.0,"Credit Card",Takeaway,2023-06-24,1
TXN_1900620,Smoothie,2,4,8.0,"Credit Card",ERROR,2023-12-14,1
TXN_1902038,UNKNOWN,4,2,8.0,"Credit Card",Takeaway,2023-04-07,1
TXN_1903825,Salad,4,5,20.0,"Digital Wallet",Takeaway,2023-04-01,1
TXN_1907428,Juice,4,3,12.0,"Credit Card",In-store,2023-06-06,1
TXN_1911093,Tea,2,1.5,3.0,"Digital Wallet",In-store,2023-10-07,1
TXN_1912525,ERROR,4,4,16.0,Cash,Takeaway,2023-11-25,1
TXN_1916339,Cake,1,3,3.0,Cash,In-store,2023-07-15,1
TXN_1917336,Sandwich,3,4,12.0,Cash,In-store,2023-04-12,1
TXN_1921415,Cake,1,3,3.0,Cash,Takeaway,2023-11-03,1
TXN_1923263,Sandwich,4,4,16.0,"Digital Wallet",In-store,2023-03-12,1
TXN_1923984,Cake,2,3,6.0,"Credit Card",Takeaway,2023-08-31,1
TXN_1927324,Sandwich,1,4,4.0,"Digital Wallet",Takeaway,2023-08-29,1
TXN_1927431,Cookie,1,1,1.0,"Credit Card",In-store,2023-02-07,1
TXN_1927704,Salad,2,5,10.0,"Digital Wallet",In-store,2023-01-05,1
TXN_1928131,Smoothie,1,4,4.0,"Credit Card",Takeaway,2023-04-17,1
TXN_1928241,Coffee,3,2,6.0,Cash,In-store,2023-04-30,1
TXN_1928401,Sandwich,5,4,20.0,"Digital Wallet",In-store,2023-06-15,1
TXN_1929398,Sandwich,1,4,4.0,"Digital Wallet",In-store,2023-02-23,1
TXN_1931404,Cake,5,3,15.0,ERROR,In-store,2023-10-01,1
TXN_1933315,Juice,2,3,6.0,"Digital Wallet",In-store,2023-09-29,1
TXN_1933628,UNKNOWN,2,3,6.0,Cash,In-store,2023-08-27,1
TXN_1934166,Sandwich,5,4,20.0,Cash,In-store,2023-03-06,1
TXN_1935119,Coffee,4,2,8.0,"Credit Card",Takeaway,2023-07-15,1
TXN_1936644,Juice,3,3,9.0,"Digital Wallet",ERROR,2023-01-28,1
TXN_1936915,Salad,3,5,15.0,"Digital Wallet",In-store,2023-01-24,1
TXN_1938071,Sandwich,4,4,16.0,"Credit Card",In-store,2023-12-25,1
TXN_1938148,Cake,2,3,6.0,"Credit Card",Takeaway,2023-06-07,1
TXN_1940778,Tea,2,1.5,3.0,Cash,In-store,2023-02-01,1
TXN_1941099,UNKNOWN,5,1,5.0,Cash,ERROR,2023-04-14,1
TXN_1943186,Salad,2,5,10.0,Cash,In-store,2023-12-16,1
TXN_1950008,Smoothie,4,4,16.0,"Digital Wallet",In-store,2023-07-24,1
TXN_1950187,Tea,2,1.5,3.0,"Credit Card",Takeaway,2023-04-13,1
TXN_1950777,Salad,5,5,25.0,Cash,Takeaway,2023-08-26,1
TXN_1951166,Tea,2,1.5,,"Credit Card",ERROR,2023-08-28,1
TXN_1961373,Coffee,2,2,4.0,"Credit Card",Takeaway,2023-09-08,1
TXN_1961595,Smoothie,5,4,20.0,"Digital Wallet",In-store,2023-07-02,1
TXN_1967032,Tea,1,1.5,1.5,"Digital Wallet",Takeaway,2023-01-12,1
TXN_1967565,Smoothie,5,4,20.0,"Credit Card",Takeaway,2023-03-31,1
TXN_1970180,Cake,2,3,6.0,"Digital Wallet",Takeaway,2023-08-02,1
TXN_1971865,Cake,1,3,3.0,"Digital Wallet",Takeaway,2023-04-11,1
TXN_1972843,Coffee,2,2,4.0,ERROR,ERROR,2023-02-20,1
TXN_1973716,Salad,4,5,20.0,"Credit Card",In-store,2023-01-21,1
TXN_1982031,Cookie,4,1,4.0,Cash,Takeaway,2023-02-03,1
TXN_1983422,Cookie,2,1,2.0,"Digital Wallet",In-store,2023-06-26,1
TXN_1983842,Cake,5,3,15.0,"Digital Wallet",ERROR,2023-03-16,1
TXN_1984774,Tea,3,1.5,4.5,Cash,Takeaway,2023-11-13,1
TXN_1985223,Smoothie,3,4,12.0,"Digital Wallet",Takeaway,2023-09-21,1
TXN_1985396,Sandwich,3,4,12.0,Cash,In-store,2023-01-23,1
TXN_1987212,Smoothie,5,4,ERROR,"Credit Card",Takeaway,2023-04-07,1
TXN_1990029,Tea,4,1.5,6.0,"Credit Card",In-store,2023-11-18,1
TXN_1991987,Cake,3,3,9.0,"Credit Card",In-store,2023-10-22,1
TXN_1993503,Cookie,4,1,4.0,"Credit Card",ERROR,2023-08-16,1
TXN_1993675,Cookie,3,1,3.0,Cash,Takeaway,2023-01-09,1
TXN_2000400,Tea,5,1.5,7.5,"Digital Wallet",Takeaway,2023-09-29,1
TXN_2005789,Juice,3,3,9.0,"Credit Card",Takeaway,2023-03-13,1
TXN_2009782,Salad,5,5,25.0,"Credit Card",ERROR,2023-05-11,1
TXN_2014042,Cookie,4,1,4.0,"Digital Wallet",Takeaway,2023-10-27,1
TXN_2020318,Tea,3,1.5,4.5,"Digital Wallet",In-store,2023-10-12,1
TXN_2023802,Cake,2,3,6.0,Cash,In-store,2023-02-28,1
TXN_2024121,Juice,5,3,UNKNOWN,"Digital Wallet",In-store,2023-11-06,1
TXN_2024598,Sandwich,1,4,4.0,"Digital Wallet",In-store,2023-01-01,1
TXN_2026084,ERROR,2,2,4.0,Cash,In-store,2023-10-20,1
TXN_2029497,Sandwich,2,4,8.0,Cash,Takeaway,2023-01-06,1
TXN_2030078,Smoothie,1,4,4.0,"Digital Wallet",Takeaway,2023-04-10,1
TXN_2031459,Cake,3,3,9.0,Cash,Takeaway,2023-07-04,1
TXN_2031545,Juice,2,3,6.0,"Digital Wallet",In-store,2023-05-02,1
TXN_2037742,Cake,4,3,12.0,"Digital Wallet",In-store,2023-11-14,1
TXN_2044375,Salad,1,5,5.0,Cash,Takeaway,2023-01-05,1
TXN_2047672,Sandwich,1,4,4.0,"Credit Card",In-store,2023-01-25,1
TXN_2052060,Sandwich,3,4,12.0,Cash,Takeaway,2023-11-07,1
TXN_2052395,Smoothie,3,4,12.0,"Credit Card",In-store,2023-07-06,1
TXN_2056358,Coffee,3,2,6.0,Cash,In-store,2023-09-17,1
TXN_2059647,Tea,1,1.5,1.5,"Digital Wallet",In-store,2023-05-29,1
TXN_2062269,Juice,4,3,12.0,"Digital Wallet",Takeaway,2023-09-08,1
TXN_2062854,Sandwich,4,4,16.0,"Digital Wallet",Takeaway,2023-12-01,1
TXN_2064049,Salad,4,5,20.0,"Credit Card",Takeaway,2023-09-21,1
TXN_2064360,Coffee,4,2,8.0,"Digital Wallet",In-store,2023-08-30,1
TXN_2066115,Salad,4,5,20.0,"Credit Card",In-store,2023-08-18,1
TXN_2077318,Juice,2,3,6.0,"Digital Wallet",In-store,2023-08-24,1
TXN_2078317,Tea,1,1.5,1.5,Cash,In-store,2023-09-21,1
TXN_2079029,Cake,5,3,15.0,Cash,In-store,2023-05-11,1
TXN_2080682,Coffee,3,2,6.0,"Credit Card",In-store,2023-05-02,1
TXN_2084080,Cookie,4,1,4.0,"Digital Wallet",Takeaway,2023-09-22,1
TXN_2084377,Smoothie,1,4,4.0,"Credit Card",ERROR,2023-10-22,1
TXN_2086557,Smoothie,2,4,8.0,Cash,In-store,2023-01-13,1
TXN_2086841,Salad,4,5,20.0,"Credit Card",In-store,2023-03-16,1
TXN_2086896,ERROR,4,3,12.0,Cash,Takeaway,2023-11-25,1
TXN_2092288,Coffee,1,2,2.0,"Credit Card",Takeaway,2023-03-30,1
TXN_2092306,Juice,4,3,ERROR,ERROR,In-store,2023-04-01,1
TXN_2096487,ERROR,5,4,20.0,"Digital Wallet",Takeaway,2023-08-09,1
TXN_2096922,Coffee,3,2,6.0,"Digital Wallet",Takeaway,2023-12-11,1
TXN_2097023,Salad,3,5,15.0,"Digital Wallet",Takeaway,2023-11-10,1
TXN_2100697,Coffee,3,2,6.0,"Digital Wallet",Takeaway,2023-09-19,1
TXN_2101934,Smoothie,4,4,16.0,Cash,In-store,2023-11-27,1
TXN_2102950,Coffee,5,2,10.0,"Digital Wallet",Takeaway,2023-12-07,1
TXN_2103018,Cake,5,3,,"Credit Card",In-store,2023-11-24,1
TXN_2103626,Juice,3,3,9.0,Cash,In-store,2023-04-23,1
TXN_2104473,Cake,3,3,9.0,"Digital Wallet",Takeaway,2023-01-01,1
TXN_2104550,Coffee,4,2,UNKNOWN,"Credit Card",In-store,2023-09-08,1
TXN_2106437,Tea,1,1.5,1.5,Cash,Takeaway,2023-08-01,1
TXN_2108125,Coffee,1,2,2.0,"Credit Card",In-store,2023-10-06,1
TXN_2108486,Juice,4,3,12.0,"Digital Wallet",Takeaway,2023-12-28,1
TXN_2108894,Sandwich,4,4,16.0,"Credit Card",In-store,2023-10-30,1
TXN_2110490,ERROR,1,5,5.0,Cash,In-store,2023-08-29,1
TXN_2112522,Sandwich,5,4,20.0,"Digital Wallet",Takeaway,2023-04-30,1
TXN_2112848,Cookie,4,1,4.0,"Credit Card",In-store,2023-10-16,1
TXN_2112911,Salad,3,5,15.0,"Digital Wallet",Takeaway,2023-09-18,1
TXN_2119373,Salad,4,5,20.0,"Credit Card",In-store,2023-06-30,1
TXN_2119809,Salad,5,5,25.0,"Digital Wallet",In-store,2023-04-21,1
TXN_2123573,Coffee,5,2,10.0,"Digital Wallet",Takeaway,2023-01-09,1
TXN_2126408,Cookie,3,1,3.0,Cash,Takeaway,2023-10-19,1
TXN_2127588,Cake,4,3,12.0,Cash,In-store,2023-07-17,1
TXN_2132434,Salad,4,5,20.0,"Digital Wallet",In-store,2023-06-03,1
TXN_2134650,Juice,4,3,12.0,"Digital Wallet",Takeaway,2023-02-11,1
TXN_2134660,UNKNOWN,5,3,15.0,"Credit Card",In-store,2023-11-08,1
TXN_2134763,Juice,3,3,9.0,"Credit Card",Takeaway,2023-03-28,1
TXN_2134911,Tea,5,1.5,7.5,"Digital Wallet",In-store,2023-10-07,1
TXN_2140056,Cookie,1,1,1.0,"Digital Wallet",Takeaway,2023-12-07,1
TXN_2141924,Salad,5,5,25.0,Cash,In-store,2023-11-27,1
TXN_2142961,Coffee,5,2,10.0,"Credit Card",Takeaway,2023-09-21,1
TXN_2145530,Sandwich,3,4,12.0,"Digital Wallet",ERROR,2023-10-08,1
TXN_2147448,Coffee,4,2,8.0,"Credit Card",In-store,2023-11-27,1
TXN_2152670,Tea,3,1.5,4.5,"Credit Card",In-store,2023-12-24,1
TXN_2153838,Tea,4,1.5,ERROR,"Digital Wallet",In-store,2023-12-19,1
TXN_2154866,Tea,2,1.5,3.0,"Credit Card",Takeaway,2023-08-11,1
TXN_2155368,ERROR,2,1,2.0,"Digital Wallet",Takeaway,2023-02-06,1
TXN_2155393,Juice,2,3,6.0,"Digital Wallet",In-store,2023-07-12,1
TXN_2156128,Sandwich,1,4,4.0,"Digital Wallet",In-store,2023-07-21,1
TXN_2156218,Smoothie,2,4,8.0,"Digital Wallet",In-store,2023-07-24,1
TXN_2161341,Salad,5,5,25.0,"Digital Wallet",ERROR,2023-03-12,1
TXN_2161372,Juice,1,3,3.0,"Credit Card",Takeaway,2023-12-17,1
TXN_2163150,Salad,1,5,5.0,Cash,In-store,2023-08-25,1
TXN_2163229,Cookie,4,1,4.0,Cash,Takeaway,2023-12-21,1
TXN_2165745,Coffee,4,2,8.0,"Credit Card",In-store,2023-01-31,1
TXN_2168513,Cake,1,3,3.0,"Digital Wallet",In-store,2023-02-09,1
TXN_2172301,Cookie,4,1,4.0,"Digital Wallet",Takeaway,2023-04-06,1
TXN_2178735,Juice,3,3,9.0,"Credit Card",Takeaway,2023-07-24,1
TXN_2178964,Tea,4,1.5,6.0,Cash,Takeaway,2023-12-25,1
TXN_2181545,Juice,4,3,12.0,"Credit Card",Takeaway,2023-07-14,1
TXN_2182790,Tea,5,1.5,7.5,"Credit Card",Takeaway,2023-05-05,1
TXN_2185727,Salad,4,5,20.0,"Digital Wallet",In-store,2023-10-08,1
TXN_2190325,Sandwich,4,4,16.0,"Credit Card",In-store,2023-03-10,1
TXN_2190793,UNKNOWN,4,1,4.0,"Credit Card",Takeaway,2023-07-29,1
TXN_2192787,Sandwich,5,4,20.0,Cash,In-store,2023-01-01,1
TXN_2194305,Sandwich,2,4,8.0,"Credit Card",Takeaway,2023-09-16,1
TXN_2195218,Cake,4,3,12.0,"Digital Wallet",In-store,2023-09-10,1
TXN_2204457,Coffee,4,2,8.0,Cash,Takeaway,2023-01-06,1
TXN_2205071,Coffee,5,2,10.0,"Credit Card",In-store,2023-11-23,1
TXN_2206639,Coffee,4,2,8.0,Cash,Takeaway,2023-06-29,1
TXN_2208949,Cake,4,3,12.0,Cash,Takeaway,2023-08-05,1
TXN_2210019,Sandwich,3,4,12.0,Cash,In-store,2023-12-05,1
TXN_2210265,Juice,2,3,6.0,"Credit Card",Takeaway,2023-06-14,1
TXN_2210925,Juice,4,3,12.0,Cash,In-store,2023-07-06,1
TXN_2211685,Smoothie,1,4,4.0,"Credit Card",In-store,2023-06-06,1
TXN_2212234,Juice,2,3,6.0,Cash,In-store,2023-12-22,1
TXN_2213556,Coffee,1,2,2.0,Cash,In-store,2023-05-30,1
TXN_2216532,Tea,3,1.5,4.5,Cash,ERROR,2023-12-27,1
TXN_2221447,Cookie,1,1,1.0,"Credit Card",In-store,2023-12-06,1
TXN_2224251,Juice,4,3,,"Digital Wallet",Takeaway,2023-04-14,1
TXN_2227781,Cake,1,3,3.0,Cash,Takeaway,2023-01-21,1
TXN_2229365,Sandwich,2,4,8.0,Cash,In-store,2023-09-07,1
TXN_2230167,Cake,4,3,12.0,"Digital Wallet",Takeaway,2023-09-22,1
TXN_2238287,Salad,3,5,15.0,"Digital Wallet",In-store,2023-05-22,1
TXN_2242015,Tea,2,1.5,3.0,Cash,ERROR,2023-08-26,1
TXN_2244418,Salad,5,5,25.0,Cash,Takeaway,2023-10-15,1
TXN_2248497,Salad,2,5,10.0,Cash,Takeaway,2023-03-07,1
TXN_2251128,Smoothie,3,4,12.0,"Credit Card",In-store,2023-06-07,1
TXN_2252121,Smoothie,3,4,12.0,ERROR,ERROR,2023-02-01,1
TXN_2252586,Tea,3,1.5,4.5,Cash,Takeaway,2023-09-08,1
TXN_2253852,Cookie,2,1,2.0,"Credit Card",Takeaway,2023-08-26,1
TXN_2257337,Cookie,4,1,ERROR,Cash,ERROR,2023-07-24,1
TXN_2262398,Tea,1,1.5,,"Credit Card",Takeaway,2023-09-12,1
TXN_2264883,Juice,2,3,6.0,"Credit Card",Takeaway,2023-12-24,1
TXN_2265984,Cookie,5,1,5.0,"Credit Card",Takeaway,2023-10-18,1
TXN_2269396,Coffee,3,2,6.0,"Digital Wallet",In-store,2023-10-26,1
TXN_2273573,Cookie,5,1,5.0,Cash,In-store,2023-11-12,1
TXN_2274702,Cookie,5,1,5.0,"Credit Card",In-store,2023-12-11,1
TXN_2274945,Sandwich,4,4,16.0,Cash,In-store,2023-03-29,1
TXN_2275799,Sandwich,3,4,12.0,"Digital Wallet",In-store,2023-10-04,1
TXN_2276426,Juice,5,3,15.0,"Credit Card",In-store,2023-10-21,1
TXN_2276722,Salad,2,5,10.0,Cash,Takeaway,2023-12-21,1
TXN_2278015,Tea,2,1.5,3.0,"Digital Wallet",In-store,2023-04-10,1
TXN_2282319,Juice,2,3,,Cash,In-store,2023-08-14,1
TXN_2285849,Tea,2,1.5,3.0,"Credit Card",Takeaway,2023-09-10,1
TXN_2289122,Smoothie,4,4,16.0,Cash,In-store,2023-08-20,1
TXN_2291713,Salad,4,5,20.0,Cash,In-store,2023-08-06,1
TXN_2292088,ERROR,1,4,4.0,"Digital Wallet",Takeaway,2023-03-04,1
TXN_2294397,Coffee,5,2,10.0,"Digital Wallet",In-store,2023-02-25,1
TXN_2294603,Tea,1,1.5,1.5,"Credit Card",Takeaway,2023-09-02,1
TXN_2294776,Juice,4,3,12.0,"Credit Card",Takeaway,2023-04-10,1
TXN_2299364,Salad,1,5,5.0,Cash,In-store,2023-10-26,1
TXN_2302259,Juice,3,3,9.0,"Credit Card",Takeaway,2023-09-20,1
TXN_2308317,Coffee,2,2,4.0,"Digital Wallet",Takeaway,2023-11-13,1
TXN_2311186,Smoothie,3,4,12.0,"Digital Wallet",ERROR,2023-07-16,1
TXN_2312908,Coffee,3,2,6.0,Cash,In-store,2023-02-07,1
TXN_2316206,Cookie,1,1,1.0,"Credit Card",In-store,2023-01-23,1
TXN_2317867,Tea,5,1.5,7.5,Cash,In-store,2023-01-23,1
TXN_2320493,Smoothie,1,4,4.0,"Digital Wallet",In-store,2023-03-22,1
TXN_2324227,Cookie,1,1,1.0,"Digital Wallet",In-store,2023-06-07,1
TXN_2330694,Salad,3,5,15.0,Cash,In-store,2023-05-31,1
TXN_2335088,Salad,4,5,20.0,Cash,In-store,2023-10-27,1
TXN_2336708,ERROR,2,3,6.0,Cash,In-store,2023-06-16,1
TXN_2336857,Cake,3,3,9.0,Cash,In-store,2023-08-02,1
TXN_2336921,Juice,3,3,9.0,"Digital Wallet",Takeaway,2023-05-01,1
TXN_2337113,Coffee,1,2,2.0,"Digital Wallet",Takeaway,2023-11-19,1
TXN_2337888,Coffee,1,2,2.0,"Credit Card",In-store,2023-02-10,1
TXN_2340643,Salad,5,5,25.0,Cash,In-store,2023-01-05,1
TXN_2345373,Tea,3,1.5,4.5,"Credit Card",Takeaway,2023-02-20,1
TXN_2346001,UNKNOWN,2,5,10.0,"Digital Wallet",Takeaway,2023-08-21,1
TXN_2347248,Salad,1,5,5.0,"Credit Card",ERROR,2023-11-11,1
TXN_2349072,Smoothie,5,4,20.0,Cash,Takeaway,2023-09-06,1
TXN_2350703,UNKNOWN,4,3,12.0,Cash,In-store,2023-08-20,1
TXN_2352246,Smoothie,4,4,16.0,"Credit Card",Takeaway,2023-06-20,1
TXN_2354394,Tea,4,1.5,6.0,Cash,In-store,2023-04-17,1
TXN_2355099,Salad,5,5,25.0,Cash,Takeaway,2023-03-18,1
TXN_2363378,Coffee,5,2,10.0,Cash,Takeaway,2023-04-23,1
TXN_2365394,Cake,2,3,6.0,"Digital Wallet",In-store,2023-04-06,1
TXN_2366464,Juice,1,3,3.0,Cash,Takeaway,2023-06-05,1
TXN_2369294,Sandwich,2,4,8.0,Cash,Takeaway,2023-09-07,1
TXN_2370338,Cake,4,3,12.0,"Credit Card",Takeaway,2023-10-30,1
TXN_2371464,Smoothie,4,4,16.0,Cash,In-store,2023-09-20,1
TXN_2371827,Cookie,5,1,5.0,Cash,In-store,2023-04-03,1
TXN_2372348,Cake,2,3,6.0,"Digital Wallet",Takeaway,2023-01-05,1
TXN_2377667,Smoothie,3,4,12.0,"Digital Wallet",Takeaway,2023-10-27,1
TXN_2378096,Tea,3,1.5,4.5,Cash,Takeaway,2023-09-22,1
TXN_2381411,Coffee,5,2,10.0,Cash,In-store,2023-07-30,1
TXN_2383598,Sandwich,2,4,8.0,"Digital Wallet",In-store,2023-09-19,1
TXN_2385697,Coffee,1,2,2.0,Cash,Takeaway,2023-09-10,1
TXN_2386202,Salad,4,5,20.0,Cash,In-store,2023-01-22,1
TXN_2389110,Sandwich,2,4,8.0,Cash,In-store,2023-05-30,1
TXN_2391245,ERROR,4,2,8.0,"Digital Wallet",In-store,2023-04-13,1
TXN_2393219,Juice,4,3,12.0,"Digital Wallet",In-store,2023-12-27,1
TXN_2398895,Juice,5,3,15.0,"Digital Wallet",In-store,2023-04-04,1
TXN_2401829,Smoothie,5,4,20.0,"Digital Wallet",Takeaway,2023-02-07,1
TXN_2402978,Cookie,3,1,3.0,"Credit Card",In-store,2023-01-21,1
TXN_2402993,Cookie,5,1,5.0,Cash,Takeaway,2023-06-11,1
TXN_2404800,Sandwich,5,4,20.0,Cash,In-store,2023-01-28,1
TXN_2405666,ERROR,2,3,6.0,Cash,Takeaway,2023-04-20,1
TXN_2406283,Juice,4,3,12.0,"Digital Wallet",In-store,2023-02-24,1
TXN_2408294,Sandwich,4,4,16.0,"Digital Wallet",In-store,2023-12-26,1
TXN_2409052,Sandwich,1,4,4.0,"Credit Card",In-store,2023-07-08,1
TXN_2413626,Cake,1,3,3.0,"Credit Card",Takeaway,2023-11-06,1
TXN_2416816,Smoothie,5,4,20.0,"Digital Wallet",In-store,2023-10-19,1
TXN_2417271,Tea,4,1.5,6.0,"Credit Card",Takeaway,2023-02-01,1
TXN_2417721,Coffee,4,2,8.0,"Credit Card",Takeaway,2023-10-20,1
TXN_2418609,Sandwich,2,4,8.0,"Digital Wallet",In-store,2023-09-06,1
TXN_2422584,Tea,1,1.5,1.5,Cash,In-store,2023-11-28,1
TXN_2423167,Cake,3,3,9.0,"Digital Wallet",Takeaway,2023-06-29,1
TXN_2423343,Tea,4,1.5,6.0,ERROR,In-store,2023-09-25,1
TXN_2424839,Juice,4,3,12.0,"Digital Wallet",In-store,2023-09-28,1
TXN_2427834,Tea,4,1.5,6.0,ERROR,In-store,2023-06-15,1
TXN_2432379,Coffee,1,2,2.0,"Credit Card",In-store,2023-10-24,1
TXN_2435025,Juice,1,3,3.0,Cash,In-store,2023-10-08,1
TXN_2436779,Cake,1,3,3.0,"Credit Card",Takeaway,2023-05-24,1
TXN_2437725,Sandwich,4,4,16.0,"Credit Card",Takeaway,2023-01-27,1
TXN_2438638,Cake,2,3,6.0,"Credit Card",Takeaway,2023-08-12,1
TXN_2441029,Cake,5,3,15.0,Cash,In-store,2023-05-18,1
TXN_2444408,Sandwich,2,4,8.0,"Digital Wallet",In-store,2023-05-11,1
TXN_2447261,Cookie,3,1,3.0,"Credit Card",Takeaway,2023-10-15,1
TXN_2451247,Tea,4,1.5,6.0,"Digital Wallet",Takeaway,2023-02-14,1
TXN_2452819,Cookie,3,1,3.0,"Credit Card",In-store,2023-07-31,1
TXN_2453194,Cake,4,3,12.0,"Digital Wallet",ERROR,2023-11-18,1
TXN_2457961,Coffee,2,2,4.0,"Credit Card",In-store,2023-06-08,1
TXN_2461859,Sandwich,2,4,8.0,"Digital Wallet",ERROR,2023-09-23,1
TXN_2463115,Sandwich,5,4,20.0,"Credit Card",Takeaway,2023-09-12,1
TXN_2470530,Cake,1,3,3.0,"Digital Wallet",Takeaway,2023-03-21,1
TXN_2470532,ERROR,1,2,2.0,"Digital Wallet",In-store,2023-01-21,1
TXN_2471972,Cookie,1,1,1.0,Cash,Takeaway,2023-04-08,1
TXN_2474286,Juice,2,3,6.0,"Digital Wallet",In-store,2023-12-09,1
TXN_2474395,Smoothie,4,4,16.0,"Digital Wallet",Takeaway,2023-12-28,1
TXN_2477550,ERROR,2,4,8.0,Cash,Takeaway,2023-02-02,1
TXN_2477650,Cookie,1,1,1.0,Cash,Takeaway,2023-10-24,1
TXN_2480488,Juice,2,3,6.0,Cash,Takeaway,2023-03-01,1
TXN_2482129,Juice,1,3,3.0,Cash,ERROR,2023-12-12,1
TXN_2485183,Smoothie,5,4,20.0,Cash,In-store,2023-07-07,1
TXN_2485272,Tea,4,1.5,6.0,"Digital Wallet",Takeaway,2023-06-30,1
TXN_2488987,Tea,5,1.5,7.5,Cash,In-store,2023-06-12,1
TXN_2490185,Salad,4,5,20.0,"Credit Card",In-store,2023-12-18,1
TXN_2493262,Cookie,2,1,2.0,"Credit Card",Takeaway,2023-01-03,1
TXN_2493446,Sandwich,1,4,4.0,Cash,Takeaway,2023-05-19,1
TXN_2495471,Salad,3,5,15.0,"Credit Card",Takeaway,2023-10-22,1
TXN_2495788,Cookie,2,1,2.0,"Credit Card",Takeaway,2023-12-16,1
TXN_2498488,Smoothie,2,4,8.0,"Digital Wallet",Takeaway,2023-12-06,1
TXN_2501656,Cake,5,3,15.0,"Digital Wallet",Takeaway,2023-07-02,1
TXN_2503128,Cake,1,3,3.0,Cash,In-store,2023-01-12,1
TXN_2504703,Smoothie,5,4,20.0,"Digital Wallet",Takeaway,2023-01-09,1
TXN_2508476,Smoothie,5,4,20.0,Cash,ERROR,2023-04-14,1
TXN_2508499,Tea,3,1.5,4.5,"Credit Card",In-store,2023-02-22,1
TXN_2510233,ERROR,2,4,8.0,"Credit Card",In-store,2023-11-04,1
TXN_2515796,Tea,3,1.5,4.5,"Credit Card",Takeaway,2023-02-06,1
TXN_2515920,ERROR,3,3,9.0,Cash,In-store,2023-10-02,1
TXN_2519044,Salad,5,5,25.0,"Digital Wallet",Takeaway,2023-05-20,1
TXN_2521185,Smoothie,2,4,8.0,Cash,Takeaway,2023-03-20,1
TXN_2522182,Salad,2,5,,"Digital Wallet",In-store,2023-11-11,1
TXN_2526667,ERROR,3,3,9.0,"Digital Wallet",In-store,2023-06-10,1
TXN_2534831,Tea,5,1.5,7.5,Cash,Takeaway,2023-08-19,1
TXN_2535099,Sandwich,5,4,20.0,"Credit Card",In-store,2023-02-10,1
TXN_2535662,Juice,1,3,3.0,Cash,ERROR,2023-05-01,1
TXN_2539469,Cake,2,3,6.0,"Credit Card",Takeaway,2023-09-24,1
TXN_2541441,Cake,1,3,3.0,Cash,Takeaway,2023-09-21,1
TXN_2544724,Cake,5,3,15.0,"Digital Wallet",Takeaway,2023-12-28,1
TXN_2547156,Cookie,3,1,3.0,"Digital Wallet",Takeaway,2023-08-18,1
TXN_2548248,Cake,4,3,12.0,ERROR,Takeaway,2023-06-28,1
TXN_2548360,Salad,5,5,25.0,Cash,Takeaway,2023-11-07,1
TXN_2550923,Cake,2,3,6.0,Cash,Takeaway,2023-08-26,1
TXN_2553803,Juice,1,3,3.0,Cash,In-store,2023-12-29,1
TXN_2556999,Tea,1,1.5,1.5,"Credit Card",Takeaway,2023-08-14,1
TXN_2559020,Cake,1,3,3.0,"Digital Wallet",Takeaway,2023-07-20,1
TXN_2560137,Cake,1,3,3.0,Cash,Takeaway,2023-10-13,1
TXN_2562041,Cake,5,3,15.0,Cash,Takeaway,2023-12-24,1
TXN_2563505,Sandwich,1,4,4.0,Cash,Takeaway,2023-10-27,1
TXN_2564219,Salad,1,5,5.0,"Digital Wallet",Takeaway,2023-07-18,1
TXN_2565449,Smoothie,3,4,12.0,"Credit Card",In-store,2023-10-04,1
TXN_2566211,Tea,2,1.5,3.0,Cash,ERROR,2023-09-26,1
TXN_2566258,Cookie,4,1,4.0,Cash,Takeaway,2023-06-08,1
TXN_2568101,Salad,5,5,25.0,Cash,Takeaway,2023-08-03,1
TXN_2569119,Juice,1,3,3.0,"Credit Card",Takeaway,2023-08-04,1
TXN_2570829,Juice,1,3,3.0,Cash,Takeaway,2023-03-31,1
TXN_2575331,Cookie,5,1,5.0,Cash,In-store,2023-03-20,1
TXN_2581559,Sandwich,1,4,4.0,"Credit Card",Takeaway,2023-03-25,1
TXN_2593909,Juice,2,3,6.0,Cash,In-store,2023-02-25,1
TXN_2601689,Salad,4,5,20.0,"Digital Wallet",Takeaway,2023-01-14,1
TXN_2606750,Tea,3,1.5,4.5,Cash,ERROR,2023-06-20,1
TXN_2611683,Cake,3,3,9.0,"Digital Wallet",In-store,2023-04-11,1
TXN_2613440,Juice,3,3,9.0,"Credit Card",In-store,2023-04-15,1
TXN_2614271,UNKNOWN,2,4,8.0,"Digital Wallet",ERROR,2023-08-03,1
TXN_2614633,Coffee,4,2,8.0,"Digital Wallet",In-store,2023-04-23,1
TXN_2616353,Smoothie,3,4,12.0,Cash,Takeaway,2023-06-24,1
TXN_2617257,Cookie,1,1,1.0,Cash,Takeaway,2023-08-20,1
TXN_2621008,UNKNOWN,2,1,2.0,"Digital Wallet",Takeaway,2023-10-21,1
TXN_2621580,Tea,2,1.5,3.0,Cash,In-store,2023-03-22,1
TXN_2624121,Tea,5,1.5,7.5,"Digital Wallet",In-store,2023-01-28,1
TXN_2625388,Coffee,5,2,10.0,"Digital Wallet",In-store,2023-02-09,1
TXN_2625464,Smoothie,3,4,12.0,"Credit Card",In-store,2023-10-06,1
TXN_2631423,Cookie,3,1,3.0,Cash,Takeaway,2023-01-07,1
TXN_2633600,Salad,5,5,UNKNOWN,Cash,Takeaway,2023-11-28,1
TXN_2633602,UNKNOWN,2,3,6.0,"Digital Wallet",In-store,2023-02-02,1
TXN_2635532,ERROR,4,4,16.0,Cash,Takeaway,2023-01-14,1
TXN_2638434,Juice,5,3,15.0,"Credit Card",In-store,2023-09-18,1
TXN_2639283,Juice,5,3,15.0,"Digital Wallet",Takeaway,2023-08-13,1
TXN_2640727,ERROR,3,3,9.0,"Digital Wallet",Takeaway,2023-03-05,1
TXN_2640771,Cookie,2,1,2.0,"Digital Wallet",Takeaway,2023-01-27,1
TXN_2647425,Juice,4,3,12.0,"Credit Card",ERROR,2023-07-30,1
TXN_2648236,Smoothie,2,4,8.0,"Credit Card",In-store,2023-09-10,1
TXN_2656162,Coffee,1,2,2.0,"Digital Wallet",In-store,2023-04-11,1
TXN_2666340,Cake,2,3,6.0,Cash,Takeaway,2023-09-29,1
TXN_2667131,Sandwich,2,4,8.0,"Credit Card",Takeaway,2023-10-10,1
TXN_2667225,Salad,2,5,10.0,Cash,In-store,2023-11-21,1
TXN_2670824,Juice,2,3,6.0,"Digital Wallet",Takeaway,2023-03-03,1
TXN_2672972,Sandwich,1,4,4.0,"Digital Wallet",Takeaway,2023-06-15,1
TXN_2674372,Cookie,4,1,4.0,"Credit Card",Takeaway,2023-11-14,1
TXN_2680626,Cake,3,3,9.0,Cash,In-store,2023-01-08,1
TXN_2681833,UNKNOWN,3,1,3.0,"Digital Wallet",In-store,2023-10-05,1
TXN_2682803,Cake,5,3,15.0,"Credit Card",Takeaway,2023-04-09,1
TXN_2690314,Tea,5,1.5,7.5,Cash,In-store,2023-08-10,1
TXN_2690515,Sandwich,2,4,8.0,Cash,Takeaway,2023-09-06,1
TXN_2693108,Cookie,3,1,ERROR,Cash,In-store,2023-11-18,1
TXN_2694605,Cookie,2,1,2.0,"Credit Card",Takeaway,2023-11-09,1
TXN_2696377,Juice,4,3,12.0,"Digital Wallet",In-store,2023-04-11,1
TXN_2699583,Sandwich,5,4,20.0,"Digital Wallet",In-store,2023-07-26,1
TXN_2704452,Salad,2,5,10.0,"Credit Card",Takeaway,2023-09-05,1
TXN_2706461,Salad,3,5,15.0,"Credit Card",ERROR,2023-12-13,1
TXN_2710779,Sandwich,5,4,UNKNOWN,"Digital Wallet",In-store,2023-09-30,1
TXN_2711627,Smoothie,5,4,20.0,Cash,ERROR,2023-11-09,1
TXN_2713279,Cookie,4,1,4.0,"Digital Wallet",In-store,2023-02-12,1
TXN_2714524,Sandwich,4,4,16.0,Cash,Takeaway,2023-01-02,1
TXN_2716560,Sandwich,4,4,16.0,"Credit Card",Takeaway,2023-08-29,1
TXN_2719734,Cake,5,3,15.0,"Digital Wallet",In-store,2023-05-22,1
TXN_2726676,Coffee,3,2,6.0,"Digital Wallet",In-store,2023-08-10,1
TXN_2727347,Cake,5,3,15.0,Cash,Takeaway,2023-01-20,1
TXN_2728444,Salad,1,5,5.0,"Digital Wallet",Takeaway,2023-01-23,1
TXN_2729959,Smoothie,4,4,16.0,"Digital Wallet",In-store,2023-02-01,1
TXN_2736267,Salad,5,5,25.0,ERROR,In-store,2023-03-17,1
TXN_2741424,Tea,4,1.5,6.0,"Credit Card",In-store,2023-05-03,1
TXN_2741928,Cake,1,3,3.0,"Digital Wallet",In-store,2023-10-06,1
TXN_2749289,Smoothie,2,4,,"Digital Wallet",Takeaway,2023-05-05,1
TXN_2756336,Smoothie,3,4,12.0,"Credit Card",Takeaway,2023-07-07,1
TXN_2760327,Salad,1,5,5.0,ERROR,Takeaway,2023-02-16,1
TXN_2761003,Smoothie,2,4,UNKNOWN,ERROR,In-store,2023-11-08,1
TXN_2761949,Salad,3,5,15.0,"Credit Card",In-store,2023-10-01,1
TXN_2764544,Juice,4,3,12.0,Cash,In-store,2023-04-02,1
TXN_2764625,Tea,1,1.5,1.5,Cash,In-store,2023-12-03,1
TXN_2764819,UNKNOWN,1,3,3.0,"Credit Card",Takeaway,2023-02-23,1
TXN_2764962,Tea,2,1.5,3.0,"Credit Card",Takeaway,2023-08-13,1
TXN_2769769,ERROR,5,5,25.0,"Credit Card",In-store,2023-04-01,1
TXN_2771512,ERROR,4,3,12.0,"Digital Wallet",Takeaway,2023-12-23,1
TXN_2772639,Tea,4,1.5,6.0,"Credit Card",In-store,2023-08-30,1
TXN_2784588,Juice,2,3,6.0,Cash,Takeaway,2023-03-26,1
TXN_2785262,Salad,3,5,15.0,Cash,Takeaway,2023-08-30,1
TXN_2785654,Tea,1,1.5,1.5,"Credit Card",Takeaway,2023-02-21,1
TXN_2786231,Juice,1,3,3.0,Cash,Takeaway,2023-08-17,1
TXN_2790608,Juice,1,3,3.0,Cash,In-store,2023-12-18,1
TXN_2798420,Tea,5,1.5,7.5,"Digital Wallet",Takeaway,2023-03-17,1
TXN_2798736,Sandwich,2,4,8.0,"Digital Wallet",In-store,2023-01-15,1
TXN_2801651,Juice,4,3,12.0,"Digital Wallet",Takeaway,2023-07-10,1
TXN_2806243,Salad,4,5,20.0,"Digital Wallet",Takeaway,2023-01-14,1
TXN_2807590,Smoothie,4,4,16.0,Cash,Takeaway,2023-09-05,1
TXN_2809397,Salad,2,5,10.0,"Digital Wallet",Takeaway,2023-09-13,1
TXN_2810280,Smoothie,1,4,4.0,"Digital Wallet",Takeaway,2023-06-25,1
TXN_2810554,UNKNOWN,1,3,3.0,"Credit Card",Takeaway,2023-02-18,1
TXN_2813872,Salad,1,5,5.0,"Credit Card",Takeaway,2023-05-01,1
TXN_2814866,Smoothie,1,4,4.0,"Digital Wallet",In-store,2023-07-29,1
TXN_2815691,Juice,5,3,15.0,"Digital Wallet",ERROR,2023-02-06,1
TXN_2817018,Sandwich,3,4,12.0,"Credit Card",Takeaway,2023-04-25,1
TXN_2824366,Sandwich,4,4,16.0,ERROR,In-store,2023-07-02,1
TXN_2826603,Salad,2,5,10.0,"Digital Wallet",Takeaway,2023-06-22,1
TXN_2827994,Cake,5,3,15.0,"Digital Wallet",In-store,2023-12-04,1
TXN_2830671,Sandwich,1,4,4.0,Cash,Takeaway,2023-11-08,1
TXN_2834323,UNKNOWN,1,1.5,1.5,"Digital Wallet",Takeaway,2023-05-13,1
TXN_2838958,Coffee,1,2,2.0,Cash,Takeaway,2023-03-10,1
TXN_2840323,Tea,4,1.5,6.0,"Credit Card",ERROR,2023-05-07,1
TXN_2840861,Tea,2,1.5,3.0,"Digital Wallet",Takeaway,2023-05-31,1
TXN_2841233,Cookie,1,1,1.0,Cash,Takeaway,2023-12-01,1
TXN_2844982,Cookie,1,1,1.0,"Digital Wallet",Takeaway,2023-03-04,1
TXN_2845506,Tea,2,1.5,3.0,"Digital Wallet",Takeaway,2023-12-30,1
TXN_2847255,Salad,3,5,15.0,"Credit Card",In-store,2023-11-15,1
TXN_2847831,Coffee,1,2,2.0,Cash,In-store,2023-02-19,1
TXN_2848421,Cookie,1,1,1.0,"Digital Wallet",In-store,2023-08-07,1
TXN_2848654,Smoothie,5,4,20.0,"Digital Wallet",In-store,2023-03-15,1
TXN_2849719,Coffee,5,2,10.0,"Digital Wallet",Takeaway,2023-06-23,1
TXN_2851147,Salad,2,5,10.0,"Digital Wallet",In-store,2023-06-24,1
TXN_2855149,Sandwich,2,4,8.0,Cash,In-store,2023-07-16,1
TXN_2858441,Sandwich,2,4,8.0,"Credit Card",In-store,2023-12-14,1
TXN_2858635,Sandwich,1,4,4.0,"Digital Wallet",In-store,2023-09-28,1
TXN_2859077,Smoothie,3,4,12.0,"Digital Wallet",Takeaway,2023-01-31,1
TXN_2864951,Tea,5,1.5,7.5,"Credit Card",Takeaway,2023-10-09,1
TXN_2866735,Cookie,4,1,4.0,Cash,Takeaway,2023-03-13,1
TXN_2871592,Cookie,4,1,4.0,Cash,In-store,2023-08-07,1
TXN_2875074,Cake,4,3,12.0,"Credit Card",Takeaway,2023-02-06,1
TXN_2878078,Cake,2,3,6.0,"Digital Wallet",Takeaway,2023-12-15,1
TXN_2880516,Tea,1,1.5,1.5,Cash,In-store,2023-03-26,1
TXN_2882571,Cake,1,3,3.0,"Credit Card",In-store,2023-05-24,1
TXN_2882871,Salad,3,5,15.0,"Credit Card",Takeaway,2023-08-30,1
TXN_2883054,Cake,4,3,12.0,Cash,In-store,2023-11-17,1
TXN_2887257,Cookie,3,1,3.0,"Credit Card",In-store,2023-08-27,1
TXN_2887411,Smoothie,2,4,8.0,Cash,In-store,2023-01-16,1
TXN_2890321,Tea,3,1.5,4.5,Cash,In-store,2023-06-13,1
TXN_2892693,Cookie,4,1,4.0,"Credit Card",In-store,2023-03-02,1
TXN_2897115,UNKNOWN,3,2,6.0,"Digital Wallet",In-store,2023-06-23,1
TXN_2897727,Smoothie,5,4,20.0,"Credit Card",Takeaway,2023-02-15,1
TXN_2897794,Cookie,4,1,4.0,"Credit Card",Takeaway,2023-01-29,1
TXN_2898188,Salad,4,5,20.0,"Digital Wallet",Takeaway,2023-04-26,1
TXN_2902289,Tea,5,1.5,7.5,"Credit Card",In-store,2023-12-16,1
TXN_2903973,Cake,2,3,6.0,"Credit Card",Takeaway,2023-12-26,1
TXN_2904046,Smoothie,1,4,4.0,"Credit Card",In-store,2023-12-11,1
TXN_2905118,Tea,5,1.5,7.5,"Digital Wallet",Takeaway,2023-03-04,1
TXN_2905218,Smoothie,5,4,20.0,Cash,In-store,2023-09-03,1
TXN_2911863,Sandwich,2,4,8.0,"Credit Card",Takeaway,2023-07-09,1
TXN_2911864,Cookie,3,1,3.0,"Digital Wallet",Takeaway,2023-03-21,1
TXN_2914088,Salad,5,5,25.0,Cash,In-store,2023-03-22,1
TXN_2914953,Cake,2,3,6.0,Cash,In-store,2023-07-25,1
TXN_2915281,Cookie,1,1,1.0,"Digital Wallet",In-store,2023-07-01,1
TXN_2915287,Salad,1,5,5.0,"Digital Wallet",Takeaway,2023-01-16,1
TXN_2916209,Cake,2,3,6.0,ERROR,In-store,2023-04-15,1
TXN_2916992,Salad,2,5,10.0,Cash,Takeaway,2023-08-20,1
TXN_2917211,Smoothie,5,4,20.0,"Digital Wallet",Takeaway,2023-11-19,1
TXN_2919225,Coffee,4,2,8.0,"Credit Card",Takeaway,2023-02-14,1
TXN_2920551,Sandwich,4,4,16.0,"Credit Card",Takeaway,2023-11-27,1
TXN_2923987,UNKNOWN,4,2,8.0,Cash,Takeaway,2023-03-28,1
TXN_2925996,Cake,3,3,9.0,Cash,Takeaway,2023-04-11,1
TXN_2927941,ERROR,4,4,16.0,"Credit Card",Takeaway,2023-08-29,1
TXN_2929426,Salad,5,5,25.0,Cash,Takeaway,2023-01-29,1
TXN_2930963,UNKNOWN,2,4,8.0,"Digital Wallet",In-store,2023-02-09,1
TXN_2931198,Cake,2,3,6.0,"Credit Card",In-store,2023-04-21,1
TXN_2931403,Juice,2,3,6.0,"Credit Card",In-store,2023-05-29,1
TXN_2935758,Smoothie,1,4,4.0,"Credit Card",In-store,2023-09-03,1
TXN_2935871,Cookie,4,1,4.0,Cash,Takeaway,2023-07-07,1
TXN_2936975,Tea,1,1.5,1.5,"Digital Wallet",Takeaway,2023-10-05,1
TXN_2939069,Smoothie,5,4,20.0,"Credit Card",Takeaway,2023-09-06,1
TXN_2941227,Cookie,3,1,3.0,Cash,In-store,2023-08-29,1
TXN_2944460,Salad,1,5,5.0,"Digital Wallet",In-store,2023-04-16,1
TXN_2946829,Cookie,2,1,2.0,"Digital Wallet",Takeaway,2023-02-08,1
TXN_2947822,Cake,4,3,12.0,"Digital Wallet",In-store,2023-10-27,1
TXN_2950680,Coffee,2,2,4.0,"Credit Card",Takeaway,2023-12-10,1
TXN_2951148,Sandwich,4,4,16.0,Cash,In-store,2023-02-21,1
TXN_2953908,Coffee,5,2,10.0,"Credit Card",In-store,2023-10-11,1
TXN_2954575,Tea,2,1.5,3.0,"Digital Wallet",Takeaway,2023-11-14,1
TXN_2964638,Salad,2,5,10.0,"Digital Wallet",In-store,2023-09-28,1
TXN_2964982,Sandwich,1,4,4.0,"Digital Wallet",In-store,2023-04-15,1
TXN_2966507,Cookie,3,1,3.0,ERROR,In-store,2023-04-25,1
TXN_2968827,Salad,5,5,25.0,"Digital Wallet",Takeaway,2023-09-14,1
TXN_2970011,Coffee,4,2,8.0,"Credit Card",Takeaway,2023-06-04,1
TXN_2970600,Salad,1,5,5.0,"Credit Card",In-store,2023-08-18,1
TXN_2980632,Cookie,3,1,3.0,"Credit Card",Takeaway,2023-01-14,1
TXN_2982995,Salad,1,5,5.0,"Credit Card",Takeaway,2023-04-06,1
TXN_2988434,Juice,1,3,3.0,"Digital Wallet",In-store,2023-12-09,1
TXN_2999220,Smoothie,4,4,16.0,"Digital Wallet",Takeaway,2023-02-23,1
TXN_3003311,Cake,5,3,15.0,"Digital Wallet",In-store,2023-08-01,1
TXN_3003876,Cookie,3,1,3.0,Cash,ERROR,2023-08-27,1
TXN_3007866,Juice,4,3,12.0,"Credit Card",In-store,2023-04-14,1
TXN_3009994,UNKNOWN,5,1,5.0,"Credit Card",In-store,2023-09-13,1
TXN_3014261,Salad,4,5,20.0,Cash,In-store,2023-11-29,1
TXN_3016079,Smoothie,3,4,12.0,"Digital Wallet",Takeaway,2023-09-24,1
TXN_3016203,UNKNOWN,1,5,5.0,Cash,In-store,2023-06-16,1
TXN_3022839,Coffee,5,2,10.0,"Digital Wallet",Takeaway,2023-08-25,1
TXN_3023841,Tea,3,1.5,4.5,"Digital Wallet",Takeaway,2023-04-29,1
TXN_3026930,Cake,2,3,6.0,Cash,In-store,2023-03-23,1
TXN_3027490,Cookie,3,1,3.0,ERROR,Takeaway,2023-02-25,1
TXN_3033598,Sandwich,5,4,ERROR,Cash,Takeaway,2023-03-12,1
TXN_3033987,Cake,4,3,12.0,Cash,ERROR,2023-03-13,1
TXN_3034652,Juice,5,3,15.0,"Credit Card",In-store,2023-11-04,1
TXN_3038078,Cookie,1,1,1.0,"Credit Card",Takeaway,2023-04-06,1
TXN_3039985,Cookie,5,1,5.0,"Digital Wallet",In-store,2023-04-08,1
TXN_3041142,Smoothie,3,4,12.0,"Digital Wallet",ERROR,2023-12-22,1
TXN_3042768,Cookie,3,1,3.0,"Digital Wallet",Takeaway,2023-09-07,1
TXN_3043982,Sandwich,5,4,20.0,Cash,In-store,2023-01-10,1
TXN_3044825,ERROR,1,1.5,1.5,"Credit Card",In-store,2023-08-14,1
TXN_3046108,Tea,5,1.5,7.5,"Digital Wallet",Takeaway,2023-01-15,1
TXN_3046567,Salad,2,5,10.0,"Credit Card",In-store,2023-01-07,1
TXN_3046572,Salad,4,5,20.0,Cash,ERROR,2023-05-16,1
TXN_3048882,Juice,2,3,6.0,Cash,Takeaway,2023-12-30,1
TXN_3052584,Salad,1,5,5.0,Cash,In-store,2023-01-21,1
TXN_3054405,Juice,3,3,9.0,Cash,In-store,2023-11-19,1
TXN_3059966,Smoothie,1,4,4.0,"Digital Wallet",In-store,2023-12-24,1
TXN_3060286,Tea,2,1.5,3.0,Cash,Takeaway,2023-08-10,1
TXN_3061266,Cookie,4,1,4.0,"Credit Card",In-store,2023-12-06,1
TXN_3068204,Cookie,1,1,1.0,"Credit Card",Takeaway,2023-10-03,1
TXN_3081950,Cookie,1,1,1.0,"Digital Wallet",ERROR,2023-05-01,1
TXN_3082888,Tea,1,1.5,1.5,Cash,In-store,2023-09-20,1
TXN_3085509,Coffee,4,2,8.0,"Digital Wallet",In-store,2023-04-15,1
TXN_3088330,Tea,5,1.5,7.5,"Digital Wallet",In-store,2023-12-08,1
TXN_3091574,Cookie,5,1,5.0,ERROR,In-store,2023-07-29,1
TXN_3093284,Coffee,4,2,8.0,"Digital Wallet",In-store,2023-01-01,1
TXN_3094786,Sandwich,4,4,16.0,"Credit Card",Takeaway,2023-01-16,1
TXN_3097593,Smoothie,2,4,8.0,"Credit Card",In-store,2023-06-18,1
TXN_3098503,Salad,1,5,,"Credit Card",Takeaway,2023-05-31,1
TXN_3100053,Cake,3,3,9.0,Cash,In-store,2023-12-19,1
TXN_3103967,Juice,2,3,6.0,"Credit Card",ERROR,2023-11-12,1
TXN_3104589,ERROR,2,1,2.0,Cash,Takeaway,2023-03-01,1
TXN_3105263,ERROR,4,4,16.0,"Credit Card",Takeaway,2023-11-25,1
TXN_3105489,Cake,3,3,9.0,"Digital Wallet",In-store,2023-03-14,1
TXN_3106215,Smoothie,3,4,ERROR,ERROR,Takeaway,2023-04-15,1
TXN_3106348,Salad,4,5,20.0,"Digital Wallet",In-store,2023-01-10,1
TXN_3106811,Juice,3,3,9.0,Cash,Takeaway,2023-09-27,1
TXN_3107619,Cookie,2,1,2.0,"Digital Wallet",Takeaway,2023-05-31,1
TXN_3109161,Sandwich,3,4,12.0,"Digital Wallet",ERROR,2023-09-11,1
TXN_3109692,Juice,4,3,,"Credit Card",In-store,2023-06-21,1
TXN_3112013,Sandwich,5,4,20.0,Cash,In-store,2023-01-06,1
TXN_3113428,Juice,2,3,6.0,Cash,In-store,2023-10-30,1
TXN_3116803,Coffee,1,2,2.0,"Credit Card",In-store,2023-09-10,1
TXN_3119835,Tea,2,1.5,3.0,"Digital Wallet",In-store,2023-03-01,1
TXN_3120023,Cookie,3,1,3.0,Cash,In-store,2023-09-30,1
TXN_3120848,Cookie,1,1,1.0,Cash,In-store,2023-11-01,1
TXN_3125699,Juice,1,3,3.0,"Credit Card",Takeaway,2023-02-05,1
TXN_3129441,Juice,3,3,9.0,"Credit Card",In-store,2023-05-31,1
TXN_3131555,Sandwich,2,4,8.0,Cash,Takeaway,2023-12-04,1
TXN_3134595,Juice,3,3,9.0,"Credit Card",Takeaway,2023-02-25,1
TXN_3135048,Salad,1,5,5.0,"Credit Card",Takeaway,2023-02-03,1
TXN_3150614,Sandwich,1,4,4.0,Cash,Takeaway,2023-08-06,1
TXN_3158921,Sandwich,1,4,4.0,"Digital Wallet",In-store,2023-04-16,1
TXN_3160411,Coffee,2,2,4.0,"Digital Wallet",In-store,2023-06-11,1
TXN_3163383,Tea,2,1.5,3.0,ERROR,In-store,2023-10-24,1
TXN_3163567,Salad,2,5,,"Digital Wallet",Takeaway,2023-06-01,1
TXN_3166181,Cookie,3,1,3.0,"Credit Card",In-store,2023-05-21,1
TXN_3171373,Smoothie,3,4,12.0,"Credit Card",In-store,2023-05-10,1
TXN_3171673,Smoothie,2,4,8.0,"Digital Wallet",Takeaway,2023-12-07,1
TXN_3174488,UNKNOWN,4,1,4.0,Cash,Takeaway,2023-06-28,1
TXN_3177517,ERROR,1,1.5,1.5,"Credit Card",In-store,2023-02-22,1
TXN_3186333,Cookie,5,1,5.0,Cash,In-store,2023-08-19,1
TXN_3187634,UNKNOWN,5,2,10.0,"Digital Wallet",Takeaway,2023-09-01,1
TXN_3190959,Tea,2,1.5,3.0,"Credit Card",Takeaway,2023-12-16,1
TXN_3193212,Cake,1,3,3.0,Cash,In-store,2023-11-23,1
TXN_3193321,Smoothie,3,4,12.0,ERROR,Takeaway,2023-08-15,1
TXN_3196388,Salad,3,5,15.0,Cash,In-store,2023-03-04,1
TXN_3200195,Juice,3,3,9.0,"Digital Wallet",In-store,2023-05-04,1
TXN_3205009,ERROR,2,1.5,3.0,Cash,In-store,2023-01-03,1
TXN_3205813,Juice,3,3,9.0,Cash,In-store,2023-04-25,1
TXN_3206293,Cookie,5,1,5.0,"Digital Wallet",Takeaway,2023-05-04,1
TXN_3215610,UNKNOWN,2,3,6.0,"Digital Wallet",Takeaway,2023-06-14,1
TXN_3216618,Salad,4,5,20.0,"Credit Card",In-store,2023-12-30,1
TXN_3218971,Sandwich,5,4,20.0,"Credit Card",ERROR,2023-06-13,1
TXN_3219378,Salad,3,5,15.0,"Digital Wallet",In-store,2023-12-04,1
TXN_3222612,UNKNOWN,3,3,UNKNOWN,Cash,Takeaway,2023-01-25,1
TXN_3222677,Sandwich,1,4,4.0,"Digital Wallet",Takeaway,2023-12-16,1
TXN_3224156,Cookie,1,1,1.0,"Credit Card",In-store,2023-03-16,1
TXN_3224397,Cookie,4,1,4.0,"Digital Wallet",Takeaway,2023-05-15,1
TXN_3224756,Cake,2,3,6.0,"Credit Card",Takeaway,2023-11-20,1
TXN_3226989,Salad,1,5,5.0,"Credit Card",Takeaway,2023-04-17,1
TXN_3234877,Coffee,4,2,8.0,Cash,Takeaway,2023-07-29,1
TXN_3238759,Sandwich,5,4,20.0,"Digital Wallet",In-store,2023-07-20,1
TXN_3241422,Salad,2,5,10.0,Cash,Takeaway,2023-07-17,1
TXN_3241510,Tea,5,1.5,7.5,"Credit Card",ERROR,2023-10-05,1
TXN_3247340,Tea,3,1.5,4.5,Cash,Takeaway,2023-12-25,1
TXN_3252542,Sandwich,5,4,20.0,"Digital Wallet",In-store,2023-09-22,1
TXN_3263746,Coffee,1,2,2.0,Cash,Takeaway,2023-11-14,1
TXN_3270584,Cake,3,3,9.0,"Credit Card",Takeaway,2023-01-10,1
TXN_3272946,Salad,3,5,15.0,"Credit Card",In-store,2023-09-06,1
TXN_3274105,Cookie,5,1,5.0,"Credit Card",Takeaway,2023-07-28,1
TXN_3277379,Salad,2,5,10.0,"Credit Card",Takeaway,2023-01-06,1
TXN_3277936,Tea,2,1.5,3.0,"Digital Wallet",Takeaway,2023-06-21,1
TXN_3279039,Cake,4,3,12.0,"Credit Card",In-store,2023-06-26,1
TXN_3282436,Salad,5,5,25.0,"Credit Card",In-store,2023-12-14,1
TXN_3283097,ERROR,5,2,10.0,Cash,Takeaway,2023-02-28,1
TXN_3283631,Sandwich,2,4,8.0,"Credit Card",In-store,2023-03-15,1
TXN_3286932,Cookie,1,1,1.0,"Digital Wallet",Takeaway,2023-07-11,1
TXN_3287282,UNKNOWN,2,1.5,3.0,"Digital Wallet",Takeaway,2023-09-23,1
TXN_3290872,Cake,2,3,6.0,"Credit Card",In-store,2023-06-13,1
TXN_3291900,Smoothie,4,4,16.0,Cash,Takeaway,2023-05-04,1
TXN_3296152,Salad,3,5,15.0,"Credit Card",In-store,2023-10-20,1
TXN_3300171,Cookie,5,1,5.0,"Credit Card",In-store,2023-02-14,1
TXN_3303114,Salad,4,5,20.0,"Credit Card",In-store,2023-06-18,1
TXN_3305132,Cake,4,3,12.0,"Credit Card",Takeaway,2023-01-30,1
TXN_3311860,Juice,1,3,3.0,"Digital Wallet",In-store,2023-11-21,1
TXN_3312653,Cookie,5,1,5.0,Cash,Takeaway,2023-12-09,1
TXN_3312690,Cookie,3,1,3.0,"Credit Card",In-store,2023-03-01,1
TXN_3313000,Coffee,5,2,10.0,"Credit Card",In-store,2023-01-08,1
TXN_3313534,Cookie,2,1,2.0,"Digital Wallet",In-store,2023-01-05,1
TXN_3315467,Sandwich,2,4,8.0,"Digital Wallet",Takeaway,2023-11-17,1
TXN_3317649,Sandwich,3,4,12.0,ERROR,Takeaway,2023-11-06,1
TXN_3326110,Coffee,2,2,4.0,"Credit Card",Takeaway,2023-08-13,1
TXN_3326626,Cake,2,3,6.0,Cash,Takeaway,2023-09-26,1
TXN_3330687,Cake,5,3,15.0,Cash,In-store,2023-12-26,1
TXN_3340550,Juice,2,3,6.0,"Digital Wallet",ERROR,2023-05-02,1
TXN_3341779,Tea,3,1.5,4.5,Cash,Takeaway,2023-07-30,1
TXN_3342106,Sandwich,1,4,4.0,"Credit Card",In-store,2023-01-14,1
